index,Estimated,Ground Truth
0,211.8976281856,1
1,211.82705866621708,1
2,210.74429471926027,1
3,208.51526574852542,1
4,207.88267751207417,1
5,207.04696041998193,1
