index,Estimated,Ground Truth
0,0.5891412464354859,0.7
1,0.6876553581444689,0.7999999999999999
2,0.7681650047801657,0.8999999999999999
3,0.8647459264115044,1.0
4,0.9552385435403645,1.1
